Language,repo_num,Developer,Commits
JavaScript,69456,116741,895454
Python,44158,107869,733759
Java,25635,93081,475778
Ruby,23058,91547,466655
C,22733,91515,463239
C++,21821,87259,405890
PHP,19860,76112,337004
C#,9720,63518,219530
Go,8496,70492,253554
Scala,2529,36239,73174
R,2526,36039,73805
Rust,1894,25639,45005
Haskell,1826,19469,32589
Clojure,1238,17810,28143
Scheme,644,11591,15460
OCaml,610,11519,15938
Julia,549,6220,7670
